<beans xmlns="http://www.springframework.org/schema/beans"
	xmlns:context="http://www.springframework.org/schema/context"
	xmlns:xsi="http://www.w3.org/2001/XMLSchema-instance"
	xsi:schemaLocation="
   http://www.springframework.org/schema/beans     
   http://www.springframework.org/schema/beans/spring-beans-3.0.xsd
   http://www.springframework.org/schema/context 
   http://www.springframework.org/schema/context/spring-context-3.0.xsd">

	<bean
		class="org.springframework.web.servlet.view.InternalResourceViewResolver">
		<property name="prefix" value="/WEB-INF/jsp/" />
		<property name="suffix" value=".jsp" />
	</bean>

	<bean
		class="org.springframework.web.servlet.mvc.support.ControllerClassNameHandlerMapping">
		<property name="caseSensitive" value="true" />
	</bean>
	<bean class="com.yiibai.springmvc.UserController">
		<property name="methodNameResolver">
			<bean
				class="org.springframework.web.servlet.mvc.multiaction.ParameterMethodNameResolver">
				<property name="paramName" value="action" />
			</bean>
		</property>
	</bean>
</beans>